{
	"addOns": {
		"common": {
			"layoutProperties": {
				"primaryColor": "#000",
				"secondaryColor": "#fff"
			},
			"logoUrl": "TLDRAW_HOST/android-chrome-maskable-512x512.png",
			"name": "tldraw"
		},
		"meet": {
			"web": {
				"sidePanelUri": "TLDRAW_HOST/ts-side",
				"mainStageUri": "TLDRAW_HOST/ts",
				"supportsScreenSharing": true,
				"logoUrl": "TLDRAW_HOST/android-chrome-maskable-512x512.png",
				"addOnOrigins": ["TLDRAW_HOST"]
			}
		}
	},
	"timeZone": "Europe/London",
	"dependencies": {},
	"exceptionLogging": "STACKDRIVER",
	"runtimeVersion": "V8",
	"oauthScopes": [
		"https://www.googleapis.com/auth/userinfo.email",
		"https://www.googleapis.com/auth/userinfo.profile",
		"https://www.googleapis.com/auth/documents.currentonly",
		"https://www.googleapis.com/auth/script.external_request",
		"https://www.googleapis.com/auth/workspace.linkpreview"
	],
	"urlFetchWhitelist": ["TLDRAW_HOST/"]
}
